{
  "format": "web-program-pre1",
  "manifest": [
    {
      "path": "02f57a76be00e2ea637949503b77f6f70035934d.js",
      "where": "client",
      "type": "js",
      "cacheable": true,
      "url": "/02f57a76be00e2ea637949503b77f6f70035934d.js",
      "size": 329233,
      "hash": "02f57a76be00e2ea637949503b77f6f70035934d"
    },
    {
      "path": "20a00a30a5e1e87aa2f9c94c41d45494c8c6894b.css",
      "where": "client",
      "type": "css",
      "cacheable": true,
      "url": "/20a00a30a5e1e87aa2f9c94c41d45494c8c6894b.css?meteor_css_resource=true",
      "size": 30778,
      "hash": "20a00a30a5e1e87aa2f9c94c41d45494c8c6894b"
    },
    {
      "path": "head.html",
      "where": "internal",
      "type": "head",
      "hash": "58a3a003c877c16e677de2b1f7a1369beeed0af5"
    }
  ]
}